strategy,total_return,sharpe,max_drawdown
Q-Learning,0.48619482994079555,1.7490246056562802,-0.14015390856996615
Buy-and-Hold,0.34245498657226564,1.45271311348347,-0.141370102591984
Random,0.31210519790649394,1.3649720415624274,-0.14831443238932485
