lots,SELL,HOLD,BUY
0,32.92181069958848,22.633744855967077,44.44444444444444
1,15.22633744855967,43.20987654320987,41.56378600823045
2,36.62551440329218,23.868312757201647,39.50617283950617
3,44.166666666666664,29.583333333333332,26.25
4,51.271186440677965,24.576271186440678,24.152542372881356
